{
  "assetsByChunkName": {
    "vendors~app-account~app-checkout~app-confirmation~app-order": "chunk.8ab59cf69d5ca9e7619f.js",
    "vendors~app-account~app-confirmation~app-order": "chunk.50e4a3843d2a368e62c4.js",
    "vendors~app-account~app-checkout": "chunk.3be186122e5e87ee5f9c.js",
    "vendors~app-cart~app-checkout": "chunk.ad9c91f777a4e9436c74.js",
    "admin": [
      "admin.87b013a9a4045cd9a339.js",
      "admin.87b013a9a4045cd9a339.js.map"
    ],
    "app-account": "chunk.98ef7f7c44dbe1572f20.js",
    "app-checkout": "chunk.d66446596da9a67152b4.js",
    "app-confirmation": "chunk.00b5bc1acc8dd7e0a117.js",
    "app-order": "chunk.f43aade2ad3c2fa0f000.js",
    "checkout": [
      "checkout.6a74f0f7249743dca094.js",
      "checkout.6a74f0f7249743dca094.js.map"
    ],
    "storefront": [
      "storefront.4612284c2b8dbb4487ca.css",
      "storefront.a74c94399dbdbd27165e.js",
      "storefront.4612284c2b8dbb4487ca.css.map",
      "storefront.a74c94399dbdbd27165e.js.map"
    ],
    "vendors~app-cart": "chunk.4ac375552c3628615b9e.js"
  }
}