{
  "links_1": {
    "list_pages": true,
    "title": "Sobre Moara",
    "list": []
  },
  "links_2": {
    "list_categories": true,
    "title": "Categorias",
    "list": []
  },
  "links_3": {
    "list_pages": true,
    "title": "Sobre Moara",
    "list": [
      {
        "text": "Política de Privacidade",
        "url": "/pages/como-comprar"
      },
      {
        "text": "Termos de Serviço",
        "url": "/pages/como-comprar"
      },
      {
        "text": "Termos de Uso",
        "url": "/pages/como-comprar"
      }
    ]
  },
  "stamps": [
    {
      "src": "/img/uploads/ssl-safe.png",
      "alt": "Secure connection"
    }
  ],
  "stores": {
    "list": [
      {
        "title": "Moara Shopping Iguatemi",
        "text": "Segundo piso em frente a Farm<br>Av. João Wallig, 1800 - Passo d’Areia - Porto Alegre - RS<br>91340-00<br><br>51 98112-2018<br><br>Horário de funcionamento:<br>Segunda á sábado das 10:00 ás 22:00 <br> Domingos das 14:00 ás 20:00"
      },
      {
        "title": "Moara Lindóia Shopping",
        "text": "1º piso, entrada principal ao lado da patchwork<br>Av. Assis Brasil - 3522 - Jardim Lindoia - Porto Alegre - RS<br>91010-007<br><br>51 3516 0481<br><br>Horário de funcionamento:<br>Segunda á sábado das 10:00 ás 22:00 <br> Aos domingos não abre"
      },
      {
        "title": "Moara Bourbon Assis Brasil",
        "text": "Loja 64<br>Av. Assis Brasil, 164 - São João - Porto Alegre - RS<br>91010-000<br><br>51 3061 0011<br><br>Horário de funcionamento:<br>Segunda á sábado das 10:00 ás 22:00 <br> Domingos das 12:00 ás 20:00"
      },
      {
        "title": "Moara Cassol Centerlar",
        "text": "1º piso<br>Av. Sertório, 8000<br>Sarandi - POA<br><br>51 3350 9555<br><br>Horário de funcionamento:<br>Segunda á sábado das 10:00 ás 22:00 <br> Domingos das 12:00 ás 20:00"
      }
    ]
  },
  "contacts": {
    "title": "Fale com a gente!",
    "phone_wpp": true,
    "socials": true,
    "email": true,
    "address": true
  },
  "payment_methods": {
    "bb": true,
    "visa": true,
    "boleto": true,
    "aura": false,
    "banrisul": false,
    "elo": true,
    "hipercard": false,
    "hsbc": false,
    "bradesco": true,
    "santander": false,
    "mastercard": true,
    "citibank": false,
    "mais": false,
    "itau": true
  },
  "credits": "",
  "description": {
    "title": "Nós também mandamos emails.",
    "text": ""
  }
}