{
  "marketing_stripe": {
    "text": " Ganhe 10% de desconto com o cupom MOARA10",
    "link": "/promotion",
    "background": "#f5f5f5"
  },
  "contacts_stripe": {
    "pages": [],
    "phone_wpp": false,
    "socials": false
  },
  "categories_list": {
    "featured": [
      "/acessorios?Moara Acessórios ",
      "/moara-makeup?Moara Makeup ",
      "/petit-moara?Petit Moara",
      "/brincos?Brincos",
      "/batom-teen-turma-da-lu-by-luisance?Petit Moara"
    ],
    "random": 0,
    "full_width": true
  },
  "search_input": true
}