{
  "meta_title": "",
  "meta_description": "",
  "sections": [
    {
      "type": "banner-slider",
      "autoplay": 6000,
      "slides": [
        {
          "start": "",
          "end": "",
          "img": "/img/uploads/copia-de-copia-de-copia-de-copia-de-banner.png",
          "mobile_img": ""
        },
        {
          "start": "2021-04-09T23:29:45.862Z",
          "end": "2021-04-09T23:29:45.892Z",
          "img": "/img/uploads/copia-de-copia-de-copia-de-copia-de-banner-1-.png",
          "link": "https://lojamoara.com.br/linha-maia-semijoias"
        }
      ]
    },
    {
      "type": "banners-grid",
      "banners": [
        {
          "img": "/img/uploads/whatsapp-image-2021-05-24-at-13.23.42-1-.jpeg",
          "link": "https://lojamoara.com.br/aneis"
        },
        {
          "img": "/img/uploads/whatsapp-image-2021-05-24-at-13.23.42-7-.jpeg",
          "link": "https://lojamoara.com.br/inverno-2021"
        }
      ]
    },
    {
      "type": "banners-grid",
      "banners": [
        {
          "img": "/img/uploads/whatsapp-image-2021-05-24-at-13.23.42-2-.jpeg",
          "link": "https://lojamoara.com.br/brincos"
        },
        {
          "img": "/img/uploads/whatsapp-image-2021-05-24-at-13.23.42-5-.jpeg",
          "link": "https://lojamoara.com.br/colares"
        },
        {
          "img": "/img/uploads/whatsapp-image-2021-05-24-at-13.23.42-6-.jpeg",
          "link": "https://lojamoara.com.br/pulseiras"
        }
      ]
    },
    {
      "type": "banner-slider",
      "autoplay": 9000,
      "slides": [
        {
          "start": "",
          "end": "",
          "img": "/img/uploads/_img_9261.jpg",
          "link": "https://lojamoara.com.br/brincos"
        },
        {
          "start": "",
          "end": "",
          "img": "/img/uploads/0c29a70c-bb3b-41ac-a2fe-25f04bf5e455.jpeg",
          "link": "https://lojamoara.com.br/pulseiras"
        }
      ]
    },
    {
      "type": "custom-html",
      "html": "<div class='divider'><div class='container'><span>Moara é cuidado e amor próprio em cada detalhe</span></div></div>"
    },
    {
      "type": "banner-slider",
      "autoplay": 9000,
      "slides": []
    },
    {
      "type": "custom-html",
      "html": "<div class='instagram-block'><h4 class='products-carousel__title'> <span>Acompanhe as novidades</span> </h4> <div id='instafeed'> </div></div><script src='/assets/instafeed.min.js'></script>"
    }
  ]
}