{
  "list": [
    {
      "item": {
        "title": "compre-tudo",
        "url": "/",
        "url_s": "/",
        "image_d": "/img/uploads/c4.png",
        "image_m": "/img/uploads/c16.png",
        "image_s_d": "/img/uploads/c3.png",
        "image_s_m": "/img/uploads/c3.png"
      }
    },
    {
      "item": {
        "title": "",
        "url": "",
        "url_s": "",
        "image_d": "",
        "image_m": "",
        "image_s_d": "",
        "image_s_m": ""
      }
    },
    {
      "item": {
        "title": "makeup",
        "url": "/https://lojamoara.com.br/maquiagens",
        "url_s": "/https://lojamoara.com.br/maquiagens",
        "image_d": "/img/uploads/c2.png",
        "image_m": "/img/uploads/c14.png",
        "image_s_d": "/img/uploads/grupo-de-ma-scara-101.png",
        "image_s_m": "/img/uploads/banner-moara-make.png"
      }
    },
    {
      "item": {
        "title": "brincos",
        "url": "/",
        "url_s": "/",
        "image_d": "/img/uploads/copia-de-copia-de-copia-de-copia-de-banner-1-.png",
        "image_m": "/img/uploads/copia-de-copia-de-copia-de-copia-de-banner-1-.png",
        "image_s_d": "/img/uploads/c7bedd95-d8ee-4a52-9015-08b3b4ddf010.jpeg",
        "image_s_m": "/img/uploads/c7bedd95-d8ee-4a52-9015-08b3b4ddf010.jpeg"
      }
    },
    {
      "item": {
        "title": "petit-moara",
        "url": "/",
        "url_s": "/",
        "image_d": "/img/uploads/c9.png",
        "image_m": "/img/uploads/c17.png",
        "image_s_m": "/img/uploads/BN_10022021_(8).png",
        "image_s_d": "/img/uploads/BN_10022021 (22).png"
      }
    }
  ]
}
